stock_id,weight,rank,score
601668,0.1,1,3.4889333248138428
601658,0.1,2,3.321842908859253
601766,0.1,3,3.2304396629333496
600023,0.1,4,3.212322235107422
600919,0.1,5,3.205421209335327
601939,0.1,6,3.0727005004882812
601186,0.1,7,3.00687313079834
601816,0.1,8,3.0021867752075195
601800,0.1,9,2.945403575897217
600019,0.1,10,2.891629934310913
